{
  "model": "./output/whisper-tiny-asr-mobile",
  "baseline": "openai/whisper-tiny",
  "languages": [
    "en",
    "fr",
    "zh-CN"
  ],
  "device": "cuda",
  "accuracy": {
    "fine_tuned": {
      "en": {
        "wer": 0.21204188481675393,
        "cer": 0.09818995322351028
      },
      "fr": {
        "wer": 0.5704802811401796,
        "cer": 0.2973816263510036
      },
      "zh-CN": {
        "wer": 1.068465332172904,
        "cer": 0.8668557249202411
      }
    },
    "baseline": {
      "en": {
        "wer": 0.3079485959067111,
        "cer": 0.10453528574333944
      },
      "fr": {
        "wer": 0.5456852791878173,
        "cer": 0.23816263510036026
      },
      "zh-CN": {
        "wer": 0.9998549463301422,
        "cer": 0.6920950017724211
      }
    }
  },
  "performance": {
    "device": "cuda",
    "latency_by_duration": {
      "5s": {
        "mean_ms": 18.46588533371687,
        "p50_ms": 18.333538435399532,
        "p95_ms": 19.446404557675123,
        "std_ms": 0.4150923442439008,
        "rtf": 0.003693177066743374
      },
      "15s": {
        "mean_ms": 18.38848628103733,
        "p50_ms": 18.342044204473495,
        "p95_ms": 18.45039650797844,
        "std_ms": 0.1949252475464868,
        "rtf": 0.0012258990854024888
      },
      "30s": {
        "mean_ms": 18.498233892023563,
        "p50_ms": 18.26352160423994,
        "p95_ms": 19.72068129107356,
        "std_ms": 0.5404124867006389,
        "rtf": 0.0006166077964007854
      }
    },
    "throughput_by_batch": {
      "1": {
        "throughput_sps": 54.70501225378679,
        "latency_per_sample_ms": 18.279860634356737
      },
      "2": {
        "throughput_sps": 87.65494258698362,
        "latency_per_sample_ms": 11.408369801938534
      },
      "4": {
        "throughput_sps": 121.97457431855794,
        "latency_per_sample_ms": 8.198429923504591
      },
      "8": {
        "throughput_sps": 149.66356310451462,
        "latency_per_sample_ms": 6.681653030682355
      }
    }
  }
}